step,timestamp,predicted,actual,error,absolute_error,percentage_error,status,adaptation,reason,change_score,baseline_error,recent_error,error_trend,confirmed_step
0,2025-05-05,10.00204133171604,19.046152433951697,9.044111102235657,9.044111102235657,47.485239518054115,NORMAL,HOLD MODEL,Building baseline,0.0,,,0.0,
1,2025-05-06,18.544574457910507,14.711488177378971,-3.8330862805315356,3.8330862805315356,26.055054623402796,NORMAL,HOLD MODEL,Building baseline,0.0,,,0.0,
2,2025-05-07,13.420816091368131,13.975076676209769,0.5542605848416375,0.5542605848416375,3.9660647142292498,NORMAL,HOLD MODEL,Building baseline,0.0,,,0.0,
3,2025-05-08,14.300918483680391,18.5737982861201,4.272879802439707,4.272879802439707,23.004878897779147,NORMAL,HOLD MODEL,Building baseline,0.0,,,0.0,
4,2025-05-09,16.44665779330973,19.18512682437897,2.73846903106924,2.73846903106924,14.273916748829652,NORMAL,HOLD MODEL,Building baseline,0.0,,,0.0,
5,2025-05-10,16.150854756704625,18.300590040683748,2.1497352839791226,2.1497352839791226,11.746808595788883,NORMAL,HOLD MODEL,Building baseline,0.0,,,0.0,
6,2025-05-11,16.55742568008684,16.082270002762478,-0.4751556773243628,0.4751556773243628,2.9545311528953597,NORMAL,HOLD MODEL,Building baseline,0.0,,,0.0,
7,2025-05-12,15.132430789704246,16.59629673798879,1.4638659482845444,1.4638659482845444,8.820437302339666,NORMAL,HOLD MODEL,Building baseline,0.0,,,0.0,
8,2025-05-13,16.052418712915173,14.81333249648412,-1.239086216431053,1.239086216431053,8.364668900297383,NORMAL,HOLD MODEL,Building baseline,0.0,,,0.0,
9,2025-05-14,14.429664271603036,16.929676589568455,2.5000123179654192,2.5000123179654192,14.767041205653332,NORMAL,HOLD MODEL,Building baseline,0.0,,,0.0,
10,2025-05-15,16.40863001921452,18.332979859113696,1.9243498398991754,1.9243498398991754,10.496656052030419,NORMAL,HOLD MODEL,Building baseline,0.0,,,0.0,
11,2025-05-16,16.895649545981712,17.740216576258344,0.8445670302766324,0.8445670302766324,4.7607481376913565,NORMAL,HOLD MODEL,Building baseline,0.0,,,0.0,
12,2025-05-17,16.7854919960494,18.161615744431813,1.3761237483824118,1.3761237483824118,7.577099789727237,NORMAL,HOLD MODEL,Building baseline,0.0,,,0.0,
13,2025-05-18,16.59502329347288,13.664606670935948,-2.9304166225369332,2.9304166225369332,21.445305328618115,NORMAL,HOLD MODEL,Building baseline,0.0,,,0.0,
14,2025-05-19,13.80193530593321,12.918978421638409,-0.882956884294801,0.882956884294801,6.8345720186041055,NORMAL,HOLD MODEL,Building baseline,0.0,,,0.0,
15,2025-05-20,14.123261327759437,7.667321667671204,-6.455939660088233,6.455939660088233,84.20071492903853,NORMAL,HOLD MODEL,Building baseline,0.0,,,0.0,
16,2025-05-21,10.126745828510256,8.125982501506806,-2.0007633270034493,2.0007633270034493,24.62180206064247,NORMAL,HOLD MODEL,Building baseline,0.0,,,0.0,
17,2025-05-22,11.541899131823433,9.79314576427142,-1.7487533675520126,1.7487533675520126,17.8569114526206,NORMAL,HOLD MODEL,Building baseline,0.0,,,0.0,
18,2025-05-23,12.001591854085788,10.49703582127889,-1.5045560328068976,1.5045560328068976,14.333151362187046,NORMAL,HOLD MODEL,Building baseline,0.0,,,0.0,
19,2025-05-24,12.440487745616098,12.381844099362691,-0.058643646253406345,0.058643646253406345,0.47362610757168877,NORMAL,HOLD MODEL,Building baseline,0.0,,,0.0,
20,2025-05-25,14.060285808609622,11.95122833609581,-2.109057472513813,2.109057472513813,17.647202556944816,NORMAL,HOLD MODEL,Building baseline,0.0,,,0.0,
21,2025-05-26,13.142714036016184,13.29416267077128,0.15144863475509673,0.15144863475509673,1.1392115359628756,NORMAL,HOLD MODEL,Building baseline,0.0,,,0.0,
22,2025-05-27,13.777828835364051,14.058355771303177,0.28052693593912537,0.28052693593912537,1.9954462705500386,NORMAL,HOLD MODEL,Building baseline,0.0,,,0.0,
23,2025-05-28,14.286220164545483,14.29917419830958,0.012954033764096096,0.012954033764096096,0.09059288029113945,NORMAL,HOLD MODEL,Building baseline,0.0,,,0.0,
24,2025-05-29,14.682332444469813,10.973998376528424,-3.7083340679413883,3.7083340679413883,33.792004889238044,NORMAL,HOLD MODEL,Building baseline,0.0,,,0.0,
25,2025-05-30,10.788249267162762,15.271795844634374,4.483546577471612,4.483546577471612,29.35834543025843,NORMAL,HOLD MODEL,Building baseline,0.0,,,0.0,
26,2025-05-31,14.907445618078201,10.895327469110487,-4.012118148967714,4.012118148967714,36.824208912880614,NORMAL,HOLD MODEL,Building baseline,0.0,,,0.0,
27,2025-06-01,9.802072278273087,7.774037512242795,-2.0280347660302924,2.0280347660302924,26.087277850621128,NORMAL,HOLD MODEL,Recent forecasting behaviour is consistent with the baseline.,0.05214625451970868,2.3998866202098115,2.0982525796728924,0.4171503283863476,
28,2025-06-02,9.489837572189362,8.764829136530558,-0.725008435658804,0.725008435658804,8.271792003760487,NORMAL,HOLD MODEL,Recent forecasting behaviour is consistent with the baseline.,0.04440104628500266,2.053133938723719,1.925246450066016,0.3038709834752722,
29,2025-06-03,9.646889091978633,11.057343284487724,1.410454192509091,1.410454192509091,12.755814450364475,NORMAL,HOLD MODEL,Recent forecasting behaviour is consistent with the baseline.,0.0913701788471366,1.8690520564348976,2.0826221447852653,0.07092186275269174,
30,2025-06-04,11.668492098809233,12.187306635777157,0.5188145369679233,0.5188145369679233,4.257007331257976,NORMAL,HOLD MODEL,Recent forecasting behaviour is consistent with the baseline.,0.09697815167259717,1.855365373989772,2.112408094913865,-0.2524770674179828,
31,2025-06-05,11.908434501162443,10.89539339184761,-1.0130411093148322,1.0130411093148322,9.297884646118716,NORMAL,HOLD MODEL,Recent forecasting behaviour is consistent with the baseline.,0.25361834274918243,1.6423690855559916,2.2374189793577073,-0.5690324894363299,
32,2025-06-06,11.825013420553505,8.862130829691887,-2.962882590861618,2.962882590861618,33.43307211099511,NORMAL,HOLD MODEL,Recent forecasting behaviour is consistent with the baseline.,0.1876927755184804,1.6908623373995986,2.1442375447227358,-0.35097914327227636,
33,2025-06-07,10.057363353355804,9.654171672066052,-0.40319168128975136,0.40319168128975136,4.1763467129590195,NORMAL,HOLD MODEL,Recent forecasting behaviour is consistent with the baseline.,0.0,1.8075529020742234,1.6341931827000031,-0.2454260450495498,
34,2025-06-08,9.933903326873104,10.918500755230587,0.9845974283574837,0.9845974283574837,9.017698037762237,NORMAL,HOLD MODEL,Recent forecasting behaviour is consistent with the baseline.,0.0,1.9844010256563909,1.2557530926237246,-0.04478134962083856,
35,2025-06-09,12.296472890353304,10.968377466599147,-1.3280954237541565,1.3280954237541565,12.108403706915325,NORMAL,HOLD MODEL,Recent forecasting behaviour is consistent with the baseline.,0.00655740376548446,2.0126094665436787,1.1682606748392075,0.04399164298121063,
36,2025-06-10,13.024200177674603,13.677469177842141,0.6532690001675387,0.6532690001675387,4.7762418008285605,NORMAL,HOLD MODEL,Recent forecasting behaviour is consistent with the baseline.,0.0,1.9869055775050661,1.1592932454027993,-0.04641564124885257,
37,2025-06-11,14.356301161287387,14.54322747727235,0.18692631598496234,0.18692631598496234,1.2853152182146934,NORMAL,HOLD MODEL,Recent forecasting behaviour is consistent with the baseline.,0.0,1.9324276712322495,1.0063522608372832,-0.1005361172246649,
38,2025-06-12,14.726059947109851,17.38207660714785,2.6560166600380004,2.6560166600380004,15.28020339609937,NORMAL,HOLD MODEL,Recent forecasting behaviour is consistent with the baseline.,0.0,1.8621509060856867,1.2735025262210429,-0.015300268658227126,
39,2025-06-13,16.128372139022083,12.370827522476514,-3.7575446165455695,3.7575446165455695,30.37423818025512,NORMAL,HOLD MODEL,Recent forecasting behaviour is consistent with the baseline.,0.02626946676284404,1.8705746100375973,1.616565464624885,0.16379665848600872,
40,2025-06-14,10.587254414171458,11.583510793497165,0.9962563793257075,0.9962563793257075,8.600642733332567,NORMAL,HOLD MODEL,Recent forecasting behaviour is consistent with the baseline.,0.039440614598679966,1.9499125521615572,1.3707371881828962,0.2563524982364414,
41,2025-06-15,11.460167523636509,11.087572503735622,-0.3725950199008867,0.3725950199008867,3.3604742586833334,NORMAL,HOLD MODEL,Recent forecasting behaviour is consistent with the baseline.,0.011435114656929377,1.8235513050991983,1.3669126055092882,0.06950839418867513,
42,2025-06-16,10.896311062614874,14.709048336346946,3.812737273732072,3.812737273732072,25.921033003274374,NORMAL,HOLD MODEL,Recent forecasting behaviour is consistent with the baseline.,0.038121055548992,1.8286333323023318,1.7204300861811117,0.2323647761314518,
43,2025-06-17,14.444194086276141,16.065660006403924,1.6214659201277826,1.6214659201277826,10.092743898983613,NORMAL,HOLD MODEL,Recent forecasting behaviour is consistent with the baseline.,0.11704741957404786,1.5722411204856281,1.757101398227815,0.182081905605072,
44,2025-06-18,16.647547729922394,16.890009189645447,0.242461459723053,0.242461459723053,1.435531840158476,NORMAL,HOLD MODEL,Recent forecasting behaviour is consistent with the baseline.,0.09344273729726697,1.5048664041438329,1.7057504556722543,-0.062405846205354505,
45,2025-06-19,16.81880301356505,18.515220807592073,1.696417794027024,1.696417794027024,9.162287674859467,NORMAL,HOLD MODEL,Recent forecasting behaviour is consistent with the baseline.,0.22944281710297237,1.42677505156548,1.894436890427512,-0.2259147258327621,
46,2025-06-20,17.20181704653484,19.302571702202158,2.10075465566732,2.10075465566732,10.883288963136723,NORMAL,HOLD MODEL,Recent forecasting behaviour is consistent with the baseline.,0.16066092758892436,1.4843480829270352,1.8250291398811769,-0.12712374627117798,
47,2025-06-21,18.447447378804853,20.265302457809447,1.8178550790045946,1.8178550790045946,8.970283482268309,NORMAL,HOLD MODEL,Recent forecasting behaviour is consistent with the baseline.,0.014257587862331708,1.6692931314416435,1.582567947688555,0.07933364496505356,
48,2025-06-22,18.83070916736773,22.13633588155111,3.3056267141833793,3.3056267141833793,14.933034680497231,NORMAL,HOLD MODEL,Recent forecasting behaviour is consistent with the baseline.,0.14150572442658813,1.613653076782238,1.871239239545764,0.16010277889598357,
49,2025-06-23,20.697593531464207,23.807960057258608,3.110366525794401,3.110366525794401,13.064397446542705,WATCH,HOLD MODEL,Recent error is increasing above the historical baseline. Waiting for sustained evidence.,0.27264151633720984,1.6247103960395273,2.2134606777824533,0.10279436254999051,
50,2025-06-24,21.137586489019505,23.798595779339472,2.661009290319967,2.661009290319967,11.181371014461691,NORMAL,HOLD MODEL,Recent forecasting behaviour is consistent with the baseline.,0.15608211622075824,1.8013209129291752,2.06949467985594,0.3114411441131949,
51,2025-06-25,21.884387414036958,21.218835029006,-0.6655523850309564,0.6655523850309564,3.1366113366787145,NORMAL,HOLD MODEL,Recent forecasting behaviour is consistent with the baseline.,0.04873884319450396,1.8817465072473591,1.9500054879688369,0.146442871478334,
52,2025-06-26,20.853822224505187,24.038987466096877,3.1851652415916902,3.1851652415916902,13.249997513763228,WATCH,HOLD MODEL,Recent error is increasing above the historical baseline. Waiting for sustained evidence.,0.26134751872817147,1.7084528768364422,2.3178434607024165,0.0664217050634284,
53,2025-06-27,22.655876041331986,23.843973302443825,1.1880972611118388,1.1880972611118388,4.982798990930207,NORMAL,HOLD MODEL,Recent forecasting behaviour is consistent with the baseline.,0.30568221173879667,1.5690964376642131,2.2543033940880184,-0.09430513299862613,
54,2025-06-28,22.14577062541583,21.537618306775887,-0.6081523186399451,0.6081523186399451,2.823674883534435,NORMAL,HOLD MODEL,Recent forecasting behaviour is consistent with the baseline.,0.28227479425856783,1.4735282629991935,2.0677281019595966,-0.2479360398310406,
55,2025-06-29,19.85828073477045,25.77503093202909,5.91675019725864,5.91675019725864,22.955356340256603,WATCH,HOLD MODEL,Recent error is increasing above the historical baseline. Waiting for sustained evidence.,0.5439180592707601,1.4630192786479086,2.5800899917413522,0.046043691841558064,
56,2025-06-30,24.276562152340972,29.02593083659808,4.749368684257107,4.749368684257107,16.36250258775076,WATCH,HOLD MODEL,Recent error is increasing above the historical baseline. Waiting for sustained evidence.,0.5711636380100304,1.5920501925741373,2.760557738000568,0.304552993622374,
57,2025-07-01,25.957882037606097,25.311400857567786,-0.646481180038311,0.646481180038311,2.5541106305264862,CONFIRMED CHANGE,MODEL ADAPTED,Recent rolling error remained consistently above the historical baseline with an increasing trend.,0.35337509395764,1.6770458092384026,2.452572069781057,0.16585946010342992,57.0
58,2025-07-02,25.247040252583602,25.885846974054978,0.6388067214713757,0.6388067214713757,2.467783735690174,NORMAL,HOLD MODEL,Recent forecasting behaviour is consistent with the baseline.,0.16930267873136362,1.784155546906005,2.199796748674983,0.037044907087744224,
59,2025-07-03,26.146063579076525,25.959366694291433,-0.18669688478509272,0.18669688478509272,0.719188903888584,NORMAL,HOLD MODEL,Recent forecasting behaviour is consistent with the baseline.,0.1478457567470969,1.7667811106918112,2.13993981114425,-0.29509673957922533,
